variable,cxt_value,hyh_value,count
Eval_Human_Experts,NO,NO,13
Eval_Human_Experts,NO,YES,0
Eval_Human_Experts,YES,NO,5
Eval_Human_Experts,YES,YES,34
Eval_Lay_Users,NO,NO,35
Eval_Lay_Users,NO,YES,1
Eval_Lay_Users,YES,NO,4
Eval_Lay_Users,YES,YES,12
Eval_User_Study,NO,NO,33
Eval_User_Study,NO,YES,0
Eval_User_Study,YES,NO,2
Eval_User_Study,YES,YES,17
Eval_LLM_Judge,NO,NO,21
Eval_LLM_Judge,NO,YES,1
Eval_LLM_Judge,YES,NO,2
Eval_LLM_Judge,YES,YES,28
Eval_Automatic,NO,NO,11
Eval_Automatic,NO,YES,1
Eval_Automatic,YES,NO,10
Eval_Automatic,YES,YES,30
Realism,NO,NO,19
Realism,NO,YES,3
Realism,YES,NO,2
Realism,YES,YES,28
Consistency,NO,NO,29
Consistency,NO,YES,1
Consistency,YES,NO,8
Consistency,YES,YES,14
Fidelity,NO,NO,12
Fidelity,NO,YES,5
Fidelity,YES,NO,8
Fidelity,YES,YES,27
Utility,NO,NO,5
Utility,NO,YES,1
Utility,YES,NO,4
Utility,YES,YES,42
Human Learning / Outcomes,NO,NO,37
Human Learning / Outcomes,NO,YES,5
Human Learning / Outcomes,YES,NO,1
Human Learning / Outcomes,YES,YES,9
Emotional Plausibility,NO,NO,19
Emotional Plausibility,NO,YES,3
Emotional Plausibility,YES,NO,4
Emotional Plausibility,YES,YES,26
Safety,NO,NO,29
Safety,NO,YES,1
Safety,YES,NO,12
Safety,YES,YES,10
Uses_Dynamic_State,NO,NO,33
Uses_Dynamic_State,NO,YES,0
Uses_Dynamic_State,YES,NO,8
Uses_Dynamic_State,YES,YES,11
Intervention_Sensitivity,NO,NO,10
Intervention_Sensitivity,NO,YES,3
Intervention_Sensitivity,YES,NO,10
Intervention_Sensitivity,YES,YES,29
Has_Rubric,NO,NO,5
Has_Rubric,NO,YES,3
Has_Rubric,YES,NO,2
Has_Rubric,YES,YES,42
LLM_Judge_Validated,NO,NO,25
LLM_Judge_Validated,NO,YES,0
LLM_Judge_Validated,YES,NO,9
LLM_Judge_Validated,YES,YES,18
Uses_Standard_Metrics,NO,NO,4
Uses_Standard_Metrics,NO,YES,0
Uses_Standard_Metrics,YES,NO,5
Uses_Standard_Metrics,YES,YES,43
Metric_Interpretable,YES,YES,52
Comparable_To_Prior_Work,NO,NO,3
Comparable_To_Prior_Work,NO,YES,4
Comparable_To_Prior_Work,YES,NO,0
Comparable_To_Prior_Work,YES,YES,45
Has_Longitudinal_Eval,NO,NO,44
Has_Longitudinal_Eval,NO,YES,1
Has_Longitudinal_Eval,YES,NO,5
Has_Longitudinal_Eval,YES,YES,2
Has_Robustness_Testing,NO,NO,8
Has_Robustness_Testing,NO,YES,3
Has_Robustness_Testing,YES,NO,12
Has_Robustness_Testing,YES,YES,29
Has_Failure_Analysis,NO,NO,10
Has_Failure_Analysis,NO,YES,1
Has_Failure_Analysis,YES,NO,9
Has_Failure_Analysis,YES,YES,32
Sim_Behavior_Realistic,NO,NO,21
Sim_Behavior_Realistic,NO,YES,2
Sim_Behavior_Realistic,YES,NO,5
Sim_Behavior_Realistic,YES,YES,24
Dataset_Available,NO,NO,13
Dataset_Available,NO,YES,1
Dataset_Available,YES,NO,5
Dataset_Available,YES,YES,33
Simulation_Target,CLIENT AGENT,CLIENT AGENT,14
Simulation_Target,CLIENT AGENT,DUAL-AGENT,0
Simulation_Target,CLIENT AGENT,HUMAN TRAINEE,0
Simulation_Target,CLIENT AGENT,PERSONA AGENT,0
Simulation_Target,CLIENT AGENT,THERAPIST AGENT,0
Simulation_Target,DUAL-AGENT,CLIENT AGENT,0
Simulation_Target,DUAL-AGENT,DUAL-AGENT,6
Simulation_Target,DUAL-AGENT,HUMAN TRAINEE,0
Simulation_Target,DUAL-AGENT,PERSONA AGENT,0
Simulation_Target,DUAL-AGENT,THERAPIST AGENT,1
Simulation_Target,HUMAN TRAINEE,CLIENT AGENT,0
Simulation_Target,HUMAN TRAINEE,DUAL-AGENT,0
Simulation_Target,HUMAN TRAINEE,HUMAN TRAINEE,5
Simulation_Target,HUMAN TRAINEE,PERSONA AGENT,0
Simulation_Target,HUMAN TRAINEE,THERAPIST AGENT,1
Simulation_Target,HUMAN TRAINEE/DUAL-AGENT,CLIENT AGENT,0
Simulation_Target,HUMAN TRAINEE/DUAL-AGENT,DUAL-AGENT,0
Simulation_Target,HUMAN TRAINEE/DUAL-AGENT,HUMAN TRAINEE,0
Simulation_Target,HUMAN TRAINEE/DUAL-AGENT,PERSONA AGENT,1
Simulation_Target,HUMAN TRAINEE/DUAL-AGENT,THERAPIST AGENT,0
Simulation_Target,HUMAN TRAINEE/REFRAMING ASSISTANT,CLIENT AGENT,0
Simulation_Target,HUMAN TRAINEE/REFRAMING ASSISTANT,DUAL-AGENT,0
Simulation_Target,HUMAN TRAINEE/REFRAMING ASSISTANT,HUMAN TRAINEE,1
Simulation_Target,HUMAN TRAINEE/REFRAMING ASSISTANT,PERSONA AGENT,0
Simulation_Target,HUMAN TRAINEE/REFRAMING ASSISTANT,THERAPIST AGENT,0
Simulation_Target,THERAPIST AGENT,CLIENT AGENT,1
Simulation_Target,THERAPIST AGENT,DUAL-AGENT,2
Simulation_Target,THERAPIST AGENT,HUMAN TRAINEE,0
Simulation_Target,THERAPIST AGENT,PERSONA AGENT,0
Simulation_Target,THERAPIST AGENT,THERAPIST AGENT,20
Persona_Model_Depth,BEHAVIORAL STATE MODEL,BEHAVIORAL STATE MODEL,1
Persona_Model_Depth,BEHAVIORAL STATE MODEL,COGNITIVE MODEL,0
Persona_Model_Depth,BEHAVIORAL STATE MODEL,DYNAMIC TRAITS,0
Persona_Model_Depth,BEHAVIORAL STATE MODEL,EXPERT PRINCIPLES,1
Persona_Model_Depth,BEHAVIORAL STATE MODEL,SURFACE PERSONA,0
Persona_Model_Depth,BEHAVIORAL STATE MODEL/DYNAMIC TRAITS,BEHAVIORAL STATE MODEL,1
Persona_Model_Depth,BEHAVIORAL STATE MODEL/DYNAMIC TRAITS,COGNITIVE MODEL,0
Persona_Model_Depth,BEHAVIORAL STATE MODEL/DYNAMIC TRAITS,DYNAMIC TRAITS,0
Persona_Model_Depth,BEHAVIORAL STATE MODEL/DYNAMIC TRAITS,EXPERT PRINCIPLES,0
Persona_Model_Depth,BEHAVIORAL STATE MODEL/DYNAMIC TRAITS,SURFACE PERSONA,0
Persona_Model_Depth,COGNITIVE MODEL,BEHAVIORAL STATE MODEL,0
Persona_Model_Depth,COGNITIVE MODEL,COGNITIVE MODEL,4
Persona_Model_Depth,COGNITIVE MODEL,DYNAMIC TRAITS,0
Persona_Model_Depth,COGNITIVE MODEL,EXPERT PRINCIPLES,0
Persona_Model_Depth,COGNITIVE MODEL,SURFACE PERSONA,0
Persona_Model_Depth,COGNITIVE MODEL / BEHAVIORAL STATE,BEHAVIORAL STATE MODEL,1
Persona_Model_Depth,COGNITIVE MODEL / BEHAVIORAL STATE,COGNITIVE MODEL,0
Persona_Model_Depth,COGNITIVE MODEL / BEHAVIORAL STATE,DYNAMIC TRAITS,0
Persona_Model_Depth,COGNITIVE MODEL / BEHAVIORAL STATE,EXPERT PRINCIPLES,0
Persona_Model_Depth,COGNITIVE MODEL / BEHAVIORAL STATE,SURFACE PERSONA,0
Persona_Model_Depth,COGNITIVE MODEL/DYNAMIC TRAITS,BEHAVIORAL STATE MODEL,0
Persona_Model_Depth,COGNITIVE MODEL/DYNAMIC TRAITS,COGNITIVE MODEL,1
Persona_Model_Depth,COGNITIVE MODEL/DYNAMIC TRAITS,DYNAMIC TRAITS,1
Persona_Model_Depth,COGNITIVE MODEL/DYNAMIC TRAITS,EXPERT PRINCIPLES,0
Persona_Model_Depth,COGNITIVE MODEL/DYNAMIC TRAITS,SURFACE PERSONA,0
Persona_Model_Depth,COGNITIVE MODEL/EXPERT PRINCIPLES,BEHAVIORAL STATE MODEL,0
Persona_Model_Depth,COGNITIVE MODEL/EXPERT PRINCIPLES,COGNITIVE MODEL,0
Persona_Model_Depth,COGNITIVE MODEL/EXPERT PRINCIPLES,DYNAMIC TRAITS,0
Persona_Model_Depth,COGNITIVE MODEL/EXPERT PRINCIPLES,EXPERT PRINCIPLES,0
Persona_Model_Depth,COGNITIVE MODEL/EXPERT PRINCIPLES,SURFACE PERSONA,1
Persona_Model_Depth,DYNAMIC TRAITS,BEHAVIORAL STATE MODEL,2
Persona_Model_Depth,DYNAMIC TRAITS,COGNITIVE MODEL,0
Persona_Model_Depth,DYNAMIC TRAITS,DYNAMIC TRAITS,2
Persona_Model_Depth,DYNAMIC TRAITS,EXPERT PRINCIPLES,0
Persona_Model_Depth,DYNAMIC TRAITS,SURFACE PERSONA,0
Persona_Model_Depth,EXPERT PRINCIPLES,BEHAVIORAL STATE MODEL,0
Persona_Model_Depth,EXPERT PRINCIPLES,COGNITIVE MODEL,1
Persona_Model_Depth,EXPERT PRINCIPLES,DYNAMIC TRAITS,0
Persona_Model_Depth,EXPERT PRINCIPLES,EXPERT PRINCIPLES,14
Persona_Model_Depth,EXPERT PRINCIPLES,SURFACE PERSONA,4
Persona_Model_Depth,EXPERT PRINCIPLES/BEHAVIORAL MODEL,BEHAVIORAL STATE MODEL,0
Persona_Model_Depth,EXPERT PRINCIPLES/BEHAVIORAL MODEL,COGNITIVE MODEL,0
Persona_Model_Depth,EXPERT PRINCIPLES/BEHAVIORAL MODEL,DYNAMIC TRAITS,0
Persona_Model_Depth,EXPERT PRINCIPLES/BEHAVIORAL MODEL,EXPERT PRINCIPLES,1
Persona_Model_Depth,EXPERT PRINCIPLES/BEHAVIORAL MODEL,SURFACE PERSONA,0
Persona_Model_Depth,EXPERT PRINCIPLES/SURFACE PERSONA,BEHAVIORAL STATE MODEL,0
Persona_Model_Depth,EXPERT PRINCIPLES/SURFACE PERSONA,COGNITIVE MODEL,0
Persona_Model_Depth,EXPERT PRINCIPLES/SURFACE PERSONA,DYNAMIC TRAITS,0
Persona_Model_Depth,EXPERT PRINCIPLES/SURFACE PERSONA,EXPERT PRINCIPLES,1
Persona_Model_Depth,EXPERT PRINCIPLES/SURFACE PERSONA,SURFACE PERSONA,0
Persona_Model_Depth,SURFACE PERSONA,BEHAVIORAL STATE MODEL,0
Persona_Model_Depth,SURFACE PERSONA,COGNITIVE MODEL,0
Persona_Model_Depth,SURFACE PERSONA,DYNAMIC TRAITS,0
Persona_Model_Depth,SURFACE PERSONA,EXPERT PRINCIPLES,3
Persona_Model_Depth,SURFACE PERSONA,SURFACE PERSONA,12
Persona_Model_Depth,SURFACE PERSONA/DYNAMIC TRAITS,BEHAVIORAL STATE MODEL,0
Persona_Model_Depth,SURFACE PERSONA/DYNAMIC TRAITS,COGNITIVE MODEL,0
Persona_Model_Depth,SURFACE PERSONA/DYNAMIC TRAITS,DYNAMIC TRAITS,1
Persona_Model_Depth,SURFACE PERSONA/DYNAMIC TRAITS,EXPERT PRINCIPLES,0
Persona_Model_Depth,SURFACE PERSONA/DYNAMIC TRAITS,SURFACE PERSONA,0
Theory_Operationalized,MENTIONED,MENTIONED,0
Theory_Operationalized,MENTIONED,PARTIAL,1
Theory_Operationalized,MENTIONED,STRONG,0
Theory_Operationalized,PARTIAL,MENTIONED,3
Theory_Operationalized,PARTIAL,PARTIAL,4
Theory_Operationalized,PARTIAL,STRONG,1
Theory_Operationalized,STRONG,MENTIONED,2
Theory_Operationalized,STRONG,PARTIAL,5
Theory_Operationalized,STRONG,STRONG,32
Behavior_Eval_Depth,DYNAMIC,DYNAMIC,3
Behavior_Eval_Depth,DYNAMIC,PATTERN-LEVEL,4
Behavior_Eval_Depth,DYNAMIC,STATIC,8
Behavior_Eval_Depth,STATIC,DYNAMIC,1
Behavior_Eval_Depth,STATIC,PATTERN-LEVEL,5
Behavior_Eval_Depth,STATIC,STATIC,15
Interaction_Level,EXTENDED DIALOGUE,EXTENDED DIALOGUE,23
Interaction_Level,EXTENDED DIALOGUE,LONGITUDINAL,0
Interaction_Level,EXTENDED DIALOGUE,SHORT MULTI-TURN,3
Interaction_Level,EXTENDED DIALOGUE,SINGLE-TURN,1
Interaction_Level,LONGITUDINAL,EXTENDED DIALOGUE,2
Interaction_Level,LONGITUDINAL,LONGITUDINAL,1
Interaction_Level,LONGITUDINAL,SHORT MULTI-TURN,0
Interaction_Level,LONGITUDINAL,SINGLE-TURN,0
Interaction_Level,SHORT MULTI-TURN,EXTENDED DIALOGUE,4
Interaction_Level,SHORT MULTI-TURN,LONGITUDINAL,0
Interaction_Level,SHORT MULTI-TURN,SHORT MULTI-TURN,3
Interaction_Level,SHORT MULTI-TURN,SINGLE-TURN,1
Interaction_Level,SINGLE-TURN,EXTENDED DIALOGUE,0
Interaction_Level,SINGLE-TURN,LONGITUDINAL,0
Interaction_Level,SINGLE-TURN,SHORT MULTI-TURN,2
Interaction_Level,SINGLE-TURN,SINGLE-TURN,10
Prompt_Disclosure,FULL,FULL,35
Prompt_Disclosure,FULL,NO,3
Prompt_Disclosure,FULL,PARTIAL,7
Prompt_Disclosure,NO,FULL,0
Prompt_Disclosure,NO,NO,1
Prompt_Disclosure,NO,PARTIAL,0
Prompt_Disclosure,PARTIAL,FULL,0
Prompt_Disclosure,PARTIAL,NO,2
Prompt_Disclosure,PARTIAL,PARTIAL,4
Theory_Grounding,STRONG,STRONG,31
Theory_Grounding,STRONG,WEAK,8
Theory_Grounding,WEAK,STRONG,1
Theory_Grounding,WEAK,WEAK,8
Reliability_Reported,NO,NO,19
Reliability_Reported,NO,YES,0
Reliability_Reported,YES,NO,10
Reliability_Reported,YES,YES,14
Coding Options,NO,NO,15
Coding Options,NO,YES,1
Coding Options,YES,NO,12
Coding Options,YES,YES,16
